date,kota_administrasi,kecamatan,ketinggian_air,ketinggian_air_forecast
2018-12-01,Jakarta Barat,Cengkareng,30.0,11.498510360717773
2019-01-01,Jakarta Barat,Cengkareng,0.0,0.0
2019-02-01,Jakarta Barat,Cengkareng,60.0,3.916541337966919
2019-03-01,Jakarta Barat,Cengkareng,70.0,91.47236633300781
2019-04-01,Jakarta Barat,Cengkareng,0.0,12.31956958770752
2019-05-01,Jakarta Barat,Cengkareng,75.0,117.86354064941406
2019-06-01,Jakarta Barat,Cengkareng,80.00000000000001,25.87491798400879
2019-07-01,Jakarta Barat,Cengkareng,0.0,0.0
2019-08-01,Jakarta Barat,Cengkareng,0.0,0.0
2019-09-01,Jakarta Barat,Cengkareng,0.0,0.0
2019-10-01,Jakarta Barat,Cengkareng,0.0,3.3158657550811768
2019-11-01,Jakarta Barat,Cengkareng,0.0,0.0
2019-12-01,Jakarta Barat,Cengkareng,0.0,0.0
2020-01-01,Jakarta Barat,Cengkareng,0.0,0.0
2020-02-01,Jakarta Barat,Cengkareng,15.0,43.76783752441406
2020-03-01,Jakarta Barat,Cengkareng,150.0,104.77099609375
2020-04-01,Jakarta Barat,Cengkareng,70.0,112.38628387451172
2020-05-01,Jakarta Barat,Cengkareng,50.0,62.50969314575195
2020-06-01,Jakarta Barat,Cengkareng,20.0,51.06230163574219
2020-07-01,Jakarta Barat,Cengkareng,0.0,0.0
2020-08-01,Jakarta Barat,Cengkareng,30.0,6.202615261077881
2020-09-01,Jakarta Barat,Cengkareng,0.0,6.689202785491943
2020-10-01,Jakarta Barat,Cengkareng,20.0,0.0
2020-11-01,Jakarta Barat,Cengkareng,30.0,0.0
2018-12-01,Jakarta Barat,Grogol Petamburan ,0.0,0.0
2019-01-01,Jakarta Barat,Grogol Petamburan ,0.0,8.165377616882324
2019-02-01,Jakarta Barat,Grogol Petamburan ,0.0,0.0
2019-03-01,Jakarta Barat,Grogol Petamburan ,30.0,47.45554733276367
2019-04-01,Jakarta Barat,Grogol Petamburan ,0.0,0.0
2019-05-01,Jakarta Barat,Grogol Petamburan ,60.0,46.55351638793945
2019-06-01,Jakarta Barat,Grogol Petamburan ,0.0,0.0
2019-07-01,Jakarta Barat,Grogol Petamburan ,0.0,4.885649681091309
2019-08-01,Jakarta Barat,Grogol Petamburan ,0.0,5.628221035003662
2019-09-01,Jakarta Barat,Grogol Petamburan ,0.0,2.4066860675811768
2019-10-01,Jakarta Barat,Grogol Petamburan ,0.0,0.0
2019-11-01,Jakarta Barat,Grogol Petamburan ,0.0,0.0
2019-12-01,Jakarta Barat,Grogol Petamburan ,0.0,0.0
2020-01-01,Jakarta Barat,Grogol Petamburan ,0.0,0.0
2020-02-01,Jakarta Barat,Grogol Petamburan ,0.0,12.312474250793457
2020-03-01,Jakarta Barat,Grogol Petamburan ,150.0,53.817264556884766
2020-04-01,Jakarta Barat,Grogol Petamburan ,50.0,57.399269104003906
2020-05-01,Jakarta Barat,Grogol Petamburan ,0.0,4.603408336639404
2020-06-01,Jakarta Barat,Grogol Petamburan ,0.0,1.5758565664291382
2020-07-01,Jakarta Barat,Grogol Petamburan ,0.0,1.7273916006088257
2020-08-01,Jakarta Barat,Grogol Petamburan ,10.0,4.180418491363525
2020-09-01,Jakarta Barat,Grogol Petamburan ,0.0,0.0
2020-10-01,Jakarta Barat,Grogol Petamburan ,0.0,1.4592078924179077
2020-11-01,Jakarta Barat,Grogol Petamburan ,25.0,0.0
2018-12-01,Jakarta Barat,Kalideres,0.0,1.5678110122680664
2019-01-01,Jakarta Barat,Kalideres,30.0,0.0
2019-02-01,Jakarta Barat,Kalideres,10.0,0.0
2019-03-01,Jakarta Barat,Kalideres,60.0,28.125194549560547
2019-04-01,Jakarta Barat,Kalideres,5.0,15.48731803894043
2019-05-01,Jakarta Barat,Kalideres,80.0,17.922807693481445
2019-06-01,Jakarta Barat,Kalideres,0.0,7.1883955001831055
2019-07-01,Jakarta Barat,Kalideres,0.0,11.780399322509766
2019-08-01,Jakarta Barat,Kalideres,0.0,10.609004974365234
2019-09-01,Jakarta Barat,Kalideres,0.0,1.8930768966674805
2019-10-01,Jakarta Barat,Kalideres,0.0,3.426579475402832
2019-11-01,Jakarta Barat,Kalideres,0.0,2.908761978149414
2019-12-01,Jakarta Barat,Kalideres,0.0,0.0
2020-01-01,Jakarta Barat,Kalideres,0.0,0.0
2020-02-01,Jakarta Barat,Kalideres,70.0,35.700103759765625
2020-03-01,Jakarta Barat,Kalideres,200.0,59.098121643066406
2020-04-01,Jakarta Barat,Kalideres,60.0,105.58147430419922
2020-05-01,Jakarta Barat,Kalideres,30.0,23.75702667236328
2020-06-01,Jakarta Barat,Kalideres,0.0,2.1663684844970703
2020-07-01,Jakarta Barat,Kalideres,0.0,7.779962539672852
2020-08-01,Jakarta Barat,Kalideres,50.0,4.336616516113281
2020-09-01,Jakarta Barat,Kalideres,0.0,0.0
2020-10-01,Jakarta Barat,Kalideres,15.0,0.0
2020-11-01,Jakarta Barat,Kalideres,10.0,0.0
2018-12-01,Jakarta Barat,Kebon Jeruk,0.0,3.6319961547851562
2019-01-01,Jakarta Barat,Kebon Jeruk,0.0,0.0
2019-02-01,Jakarta Barat,Kebon Jeruk,0.0,0.0
2019-03-01,Jakarta Barat,Kebon Jeruk,40.0,37.506675720214844
2019-04-01,Jakarta Barat,Kebon Jeruk,0.0,40.80365753173828
2019-05-01,Jakarta Barat,Kebon Jeruk,50.0,124.67203521728516
2019-06-01,Jakarta Barat,Kebon Jeruk,30.0,13.332085609436035
2019-07-01,Jakarta Barat,Kebon Jeruk,0.0,7.479707717895508
2019-08-01,Jakarta Barat,Kebon Jeruk,0.0,0.0
2019-09-01,Jakarta Barat,Kebon Jeruk,0.0,3.279264450073242
2019-10-01,Jakarta Barat,Kebon Jeruk,0.0,8.86473274230957
2019-11-01,Jakarta Barat,Kebon Jeruk,0.0,4.165830612182617
2019-12-01,Jakarta Barat,Kebon Jeruk,0.0,0.0
2020-01-01,Jakarta Barat,Kebon Jeruk,0.0,47.20407485961914
2020-02-01,Jakarta Barat,Kebon Jeruk,100.0,78.3864974975586
2020-03-01,Jakarta Barat,Kebon Jeruk,150.0,39.61106872558594
2020-04-01,Jakarta Barat,Kebon Jeruk,80.0,42.32965850830078
2020-05-01,Jakarta Barat,Kebon Jeruk,30.0,38.876197814941406
2020-06-01,Jakarta Barat,Kebon Jeruk,90.0,60.26950454711914
2020-07-01,Jakarta Barat,Kebon Jeruk,0.0,0.0
2020-08-01,Jakarta Barat,Kebon Jeruk,40.0,9.753522872924805
2020-09-01,Jakarta Barat,Kebon Jeruk,0.0,0.0
2020-10-01,Jakarta Barat,Kebon Jeruk,0.0,0.0
2020-11-01,Jakarta Barat,Kebon Jeruk,130.0,62.84531784057617
2018-12-01,Jakarta Barat,Kembangan,-3.552713678800501e-15,0.0
2019-01-01,Jakarta Barat,Kembangan,-3.552713678800501e-15,0.0
2019-02-01,Jakarta Barat,Kembangan,50.0,1.1125589609146118
2019-03-01,Jakarta Barat,Kembangan,20.0,57.917091369628906
2019-04-01,Jakarta Barat,Kembangan,60.0,11.599825859069824
2019-05-01,Jakarta Barat,Kembangan,40.0,40.06703567504883
2019-06-01,Jakarta Barat,Kembangan,110.0,56.58169937133789
2019-07-01,Jakarta Barat,Kembangan,-3.552713678800501e-15,0.0
2019-08-01,Jakarta Barat,Kembangan,-3.552713678800501e-15,4.810348987579346
2019-09-01,Jakarta Barat,Kembangan,-3.552713678800501e-15,0.0
2019-10-01,Jakarta Barat,Kembangan,-3.552713678800501e-15,5.399563312530518
2019-11-01,Jakarta Barat,Kembangan,-3.552713678800501e-15,5.649242877960205
2019-12-01,Jakarta Barat,Kembangan,-3.552713678800501e-15,6.272058963775635
2020-01-01,Jakarta Barat,Kembangan,-3.552713678800501e-15,20.10480308532715
2020-02-01,Jakarta Barat,Kembangan,-3.552713678800501e-15,17.212066650390625
2020-03-01,Jakarta Barat,Kembangan,150.0,115.09774780273438
2020-04-01,Jakarta Barat,Kembangan,80.0,89.84629821777344
2020-05-01,Jakarta Barat,Kembangan,40.0,61.54033660888672
2020-06-01,Jakarta Barat,Kembangan,60.0,90.61607360839844
2020-07-01,Jakarta Barat,Kembangan,30.0,35.4810676574707
2020-08-01,Jakarta Barat,Kembangan,-3.552713678800501e-15,6.401617527008057
2020-09-01,Jakarta Barat,Kembangan,50.0,11.776765823364258
2020-10-01,Jakarta Barat,Kembangan,-3.552713678800501e-15,18.221750259399414
2020-11-01,Jakarta Barat,Kembangan,60.0,32.75018310546875
2018-12-01,Jakarta Barat,Palmerah,8.881784197001252e-16,2.525923490524292
2019-01-01,Jakarta Barat,Palmerah,8.881784197001252e-16,0.0
2019-02-01,Jakarta Barat,Palmerah,8.881784197001252e-16,0.0
2019-03-01,Jakarta Barat,Palmerah,40.0,10.898272514343262
2019-04-01,Jakarta Barat,Palmerah,8.881784197001252e-16,0.0
2019-05-01,Jakarta Barat,Palmerah,8.881784197001252e-16,0.0
2019-06-01,Jakarta Barat,Palmerah,8.881784197001252e-16,0.0
2019-07-01,Jakarta Barat,Palmerah,8.881784197001252e-16,0.0
2019-08-01,Jakarta Barat,Palmerah,8.881784197001252e-16,0.0
2019-09-01,Jakarta Barat,Palmerah,8.881784197001252e-16,0.0
2019-10-01,Jakarta Barat,Palmerah,8.881784197001252e-16,0.0
2019-11-01,Jakarta Barat,Palmerah,8.881784197001252e-16,0.5073015093803406
2019-12-01,Jakarta Barat,Palmerah,8.881784197001252e-16,0.37710872292518616
2020-01-01,Jakarta Barat,Palmerah,8.881784197001252e-16,12.881804466247559
2020-02-01,Jakarta Barat,Palmerah,40.0,13.378009796142578
2020-03-01,Jakarta Barat,Palmerah,150.0,37.4734992980957
2020-04-01,Jakarta Barat,Palmerah,50.0,5.909140110015869
2020-05-01,Jakarta Barat,Palmerah,20.0,6.860266208648682
2020-06-01,Jakarta Barat,Palmerah,8.881784197001252e-16,1.8145672082901
2020-07-01,Jakarta Barat,Palmerah,8.881784197001252e-16,8.4442720413208
2020-08-01,Jakarta Barat,Palmerah,8.881784197001252e-16,3.4536492824554443
2020-09-01,Jakarta Barat,Palmerah,8.881784197001252e-16,0.0
2020-10-01,Jakarta Barat,Palmerah,30.0,0.0
2020-11-01,Jakarta Barat,Palmerah,30.0,0.0
2018-12-01,Jakarta Barat,Taman Sari,0.0,0.0
2019-01-01,Jakarta Barat,Taman Sari,0.0,0.0
2019-02-01,Jakarta Barat,Taman Sari,0.0,0.0
2019-03-01,Jakarta Barat,Taman Sari,0.0,8.832781791687012
2019-04-01,Jakarta Barat,Taman Sari,0.0,20.02229881286621
2019-05-01,Jakarta Barat,Taman Sari,0.0,13.253564834594727
2019-06-01,Jakarta Barat,Taman Sari,0.0,0.0
2019-07-01,Jakarta Barat,Taman Sari,0.0,0.5021589398384094
2019-08-01,Jakarta Barat,Taman Sari,0.0,1.9985724687576294
2019-09-01,Jakarta Barat,Taman Sari,0.0,1.7382208108901978
2019-10-01,Jakarta Barat,Taman Sari,0.0,1.2602702379226685
2019-11-01,Jakarta Barat,Taman Sari,0.0,0.0
2019-12-01,Jakarta Barat,Taman Sari,0.0,0.0
2020-01-01,Jakarta Barat,Taman Sari,0.0,0.0
2020-02-01,Jakarta Barat,Taman Sari,0.0,0.0
2020-03-01,Jakarta Barat,Taman Sari,0.0,25.874900817871094
2020-04-01,Jakarta Barat,Taman Sari,40.0,51.59172439575195
2020-05-01,Jakarta Barat,Taman Sari,0.0,8.360225677490234
2020-06-01,Jakarta Barat,Taman Sari,0.0,15.412440299987793
2020-07-01,Jakarta Barat,Taman Sari,0.0,0.0
2020-08-01,Jakarta Barat,Taman Sari,0.0,0.0
2020-09-01,Jakarta Barat,Taman Sari,20.0,0.0
2020-10-01,Jakarta Barat,Taman Sari,0.0,0.8469145894050598
2020-11-01,Jakarta Barat,Taman Sari,0.0,0.0
2018-12-01,Jakarta Barat,Tambora,0.0,6.048176288604736
2019-01-01,Jakarta Barat,Tambora,0.0,4.362010955810547
2019-02-01,Jakarta Barat,Tambora,0.0,0.8644354343414307
2019-03-01,Jakarta Barat,Tambora,0.0,0.0
2019-04-01,Jakarta Barat,Tambora,0.0,1.6085498332977295
2019-05-01,Jakarta Barat,Tambora,40.0,2.6118814945220947
2019-06-01,Jakarta Barat,Tambora,0.0,0.3664581775665283
2019-07-01,Jakarta Barat,Tambora,0.0,0.0
2019-08-01,Jakarta Barat,Tambora,0.0,0.855614423751831
2019-09-01,Jakarta Barat,Tambora,0.0,2.8037710189819336
2019-10-01,Jakarta Barat,Tambora,0.0,2.960782051086426
2019-11-01,Jakarta Barat,Tambora,0.0,0.0
2019-12-01,Jakarta Barat,Tambora,0.0,0.0
2020-01-01,Jakarta Barat,Tambora,0.0,0.0
2020-02-01,Jakarta Barat,Tambora,0.0,0.1524066925048828
2020-03-01,Jakarta Barat,Tambora,0.0,27.932693481445312
2020-04-01,Jakarta Barat,Tambora,50.0,23.481754302978516
2020-05-01,Jakarta Barat,Tambora,0.0,0.9409756660461426
2020-06-01,Jakarta Barat,Tambora,0.0,2.4760217666625977
2020-07-01,Jakarta Barat,Tambora,0.0,4.156857967376709
2020-08-01,Jakarta Barat,Tambora,0.0,0.0
2020-09-01,Jakarta Barat,Tambora,0.0,0.0
2020-10-01,Jakarta Barat,Tambora,0.0,0.0
2020-11-01,Jakarta Barat,Tambora,30.0,3.1515896320343018
2018-12-01,Jakarta Pusat,Gambir,0.0,0.0
2019-01-01,Jakarta Pusat,Gambir,0.0,0.0
2019-02-01,Jakarta Pusat,Gambir,0.0,0.057331085205078125
2019-03-01,Jakarta Pusat,Gambir,0.0,0.004793763160705566
2019-04-01,Jakarta Pusat,Gambir,0.0,1.104284405708313
2019-05-01,Jakarta Pusat,Gambir,0.0,1.3023825883865356
2019-06-01,Jakarta Pusat,Gambir,0.0,0.8348866105079651
2019-07-01,Jakarta Pusat,Gambir,0.0,0.6509905457496643
2019-08-01,Jakarta Pusat,Gambir,0.0,0.1484372615814209
2019-09-01,Jakarta Pusat,Gambir,0.0,0.10192596912384033
2019-10-01,Jakarta Pusat,Gambir,0.0,0.09619796276092529
2019-11-01,Jakarta Pusat,Gambir,0.0,0.0
2019-12-01,Jakarta Pusat,Gambir,0.0,0.20382654666900635
2020-01-01,Jakarta Pusat,Gambir,0.0,0.7265650033950806
2020-02-01,Jakarta Pusat,Gambir,0.0,1.6914880275726318
2020-03-01,Jakarta Pusat,Gambir,0.0,0.0
2020-04-01,Jakarta Pusat,Gambir,20.0,21.587690353393555
2020-05-01,Jakarta Pusat,Gambir,0.0,1.1735976934432983
2020-06-01,Jakarta Pusat,Gambir,0.0,1.8517751693725586
2020-07-01,Jakarta Pusat,Gambir,0.0,0.9557769298553467
2020-08-01,Jakarta Pusat,Gambir,0.0,0.0
2020-09-01,Jakarta Pusat,Gambir,0.0,0.0
2020-10-01,Jakarta Pusat,Gambir,0.0,0.0
2020-11-01,Jakarta Pusat,Gambir,0.0,0.30637127161026
2018-12-01,Jakarta Pusat,Johar Baru,0.0,2.895583391189575
2019-01-01,Jakarta Pusat,Johar Baru,0.0,0.0
2019-02-01,Jakarta Pusat,Johar Baru,0.0,0.0
2019-03-01,Jakarta Pusat,Johar Baru,0.0,0.0
2019-04-01,Jakarta Pusat,Johar Baru,0.0,0.08216110616922379
2019-05-01,Jakarta Pusat,Johar Baru,0.0,0.0943102017045021
2019-06-01,Jakarta Pusat,Johar Baru,0.0,0.0
2019-07-01,Jakarta Pusat,Johar Baru,0.0,0.6159359812736511
2019-08-01,Jakarta Pusat,Johar Baru,0.0,0.037892501801252365
2019-09-01,Jakarta Pusat,Johar Baru,0.0,1.615030288696289
2019-10-01,Jakarta Pusat,Johar Baru,0.0,0.8163741230964661
2019-11-01,Jakarta Pusat,Johar Baru,0.0,0.0
2019-12-01,Jakarta Pusat,Johar Baru,0.0,0.01582280732691288
2020-01-01,Jakarta Pusat,Johar Baru,0.0,3.2889318466186523
2020-02-01,Jakarta Pusat,Johar Baru,0.0,3.6107118129730225
2020-03-01,Jakarta Pusat,Johar Baru,30.0,0.0
2020-04-01,Jakarta Pusat,Johar Baru,50.0,46.884666442871094
2020-05-01,Jakarta Pusat,Johar Baru,0.0,0.0
2020-06-01,Jakarta Pusat,Johar Baru,0.0,0.0
2020-07-01,Jakarta Pusat,Johar Baru,0.0,0.5138879418373108
2020-08-01,Jakarta Pusat,Johar Baru,0.0,0.0
2020-09-01,Jakarta Pusat,Johar Baru,0.0,0.0
2020-10-01,Jakarta Pusat,Johar Baru,0.0,0.0
2020-11-01,Jakarta Pusat,Johar Baru,0.0,0.0
2018-12-01,Jakarta Pusat,Sawah Besar,40.0,1.8898396492004395
2019-01-01,Jakarta Pusat,Sawah Besar,0.0,0.0
2019-02-01,Jakarta Pusat,Sawah Besar,0.0,0.0
2019-03-01,Jakarta Pusat,Sawah Besar,0.0,0.6815794110298157
2019-04-01,Jakarta Pusat,Sawah Besar,0.0,1.952437400817871
2019-05-01,Jakarta Pusat,Sawah Besar,0.0,0.0
2019-06-01,Jakarta Pusat,Sawah Besar,0.0,0.636812150478363
2019-07-01,Jakarta Pusat,Sawah Besar,0.0,1.0074574947357178
2019-08-01,Jakarta Pusat,Sawah Besar,0.0,0.02050868608057499
2019-09-01,Jakarta Pusat,Sawah Besar,0.0,0.5757622122764587
2019-10-01,Jakarta Pusat,Sawah Besar,0.0,0.0
2019-11-01,Jakarta Pusat,Sawah Besar,0.0,2.081171751022339
2019-12-01,Jakarta Pusat,Sawah Besar,0.0,0.04443923756480217
2020-01-01,Jakarta Pusat,Sawah Besar,0.0,0.0
2020-02-01,Jakarta Pusat,Sawah Besar,0.0,3.378634214401245
2020-03-01,Jakarta Pusat,Sawah Besar,70.0,4.317844867706299
2020-04-01,Jakarta Pusat,Sawah Besar,40.0,0.0
2020-05-01,Jakarta Pusat,Sawah Besar,0.0,0.0
2020-06-01,Jakarta Pusat,Sawah Besar,0.0,0.0
2020-07-01,Jakarta Pusat,Sawah Besar,0.0,1.671112298965454
2020-08-01,Jakarta Pusat,Sawah Besar,0.0,0.9072625041007996
2020-09-01,Jakarta Pusat,Sawah Besar,0.0,0.0
2020-10-01,Jakarta Pusat,Sawah Besar,0.0,0.9115167260169983
2020-11-01,Jakarta Pusat,Sawah Besar,0.0,2.0957729816436768
2018-12-01,Jakarta Pusat,Tanah Abang,0.0,0.0
2019-01-01,Jakarta Pusat,Tanah Abang,0.0,0.7028147578239441
2019-02-01,Jakarta Pusat,Tanah Abang,0.0,0.0
2019-03-01,Jakarta Pusat,Tanah Abang,0.0,0.0
2019-04-01,Jakarta Pusat,Tanah Abang,0.0,0.0
2019-05-01,Jakarta Pusat,Tanah Abang,0.0,0.0
2019-06-01,Jakarta Pusat,Tanah Abang,0.0,2.631242513656616
2019-07-01,Jakarta Pusat,Tanah Abang,0.0,0.0
2019-08-01,Jakarta Pusat,Tanah Abang,0.0,0.0
2019-09-01,Jakarta Pusat,Tanah Abang,0.0,6.416469097137451
2019-10-01,Jakarta Pusat,Tanah Abang,0.0,1.850549340248108
2019-11-01,Jakarta Pusat,Tanah Abang,0.0,0.0
2019-12-01,Jakarta Pusat,Tanah Abang,0.0,3.7324912548065186
2020-01-01,Jakarta Pusat,Tanah Abang,0.0,33.72300720214844
2020-02-01,Jakarta Pusat,Tanah Abang,0.0,47.904388427734375
2020-03-01,Jakarta Pusat,Tanah Abang,150.0,80.69522857666016
2020-04-01,Jakarta Pusat,Tanah Abang,120.0,103.34542083740234
2020-05-01,Jakarta Pusat,Tanah Abang,0.0,0.6523491740226746
2020-06-01,Jakarta Pusat,Tanah Abang,0.0,3.2355287075042725
2020-07-01,Jakarta Pusat,Tanah Abang,0.0,0.0
2020-08-01,Jakarta Pusat,Tanah Abang,0.0,0.0
2020-09-01,Jakarta Pusat,Tanah Abang,0.0,0.0
2020-10-01,Jakarta Pusat,Tanah Abang,15.0,0.0
2020-11-01,Jakarta Pusat,Tanah Abang,20.0,21.43593406677246
2018-12-01,Jakarta Pusat,Cempaka Putih,0.0,0.0
2019-01-01,Jakarta Pusat,Cempaka Putih,0.0,0.0
2019-02-01,Jakarta Pusat,Cempaka Putih,0.0,0.5253784656524658
2019-03-01,Jakarta Pusat,Cempaka Putih,0.0,1.7615268230438232
2019-04-01,Jakarta Pusat,Cempaka Putih,0.0,2.01932692527771
2019-05-01,Jakarta Pusat,Cempaka Putih,0.0,0.0
2019-06-01,Jakarta Pusat,Cempaka Putih,0.0,0.2922358512878418
2019-07-01,Jakarta Pusat,Cempaka Putih,0.0,0.08193588256835938
2019-08-01,Jakarta Pusat,Cempaka Putih,0.0,0.287655234336853
2019-09-01,Jakarta Pusat,Cempaka Putih,0.0,0.0
2019-10-01,Jakarta Pusat,Cempaka Putih,0.0,0.0
2019-11-01,Jakarta Pusat,Cempaka Putih,0.0,3.2703447341918945
2019-12-01,Jakarta Pusat,Cempaka Putih,0.0,4.096689701080322
2020-01-01,Jakarta Pusat,Cempaka Putih,0.0,0.0
2020-02-01,Jakarta Pusat,Cempaka Putih,0.0,3.7171502113342285
2020-03-01,Jakarta Pusat,Cempaka Putih,0.0,5.070226669311523
2020-04-01,Jakarta Pusat,Cempaka Putih,30.0,38.38138198852539
2020-05-01,Jakarta Pusat,Cempaka Putih,0.0,0.0
2020-06-01,Jakarta Pusat,Cempaka Putih,0.0,0.0
2020-07-01,Jakarta Pusat,Cempaka Putih,0.0,0.0
2020-08-01,Jakarta Pusat,Cempaka Putih,0.0,0.0
2020-09-01,Jakarta Pusat,Cempaka Putih,0.0,0.0
2020-10-01,Jakarta Pusat,Cempaka Putih,0.0,2.2696211338043213
2020-11-01,Jakarta Pusat,Cempaka Putih,0.0,4.450111389160156
2018-12-01,Jakarta Pusat,Menteng,0.0,0.0
2019-01-01,Jakarta Pusat,Menteng,0.0,0.0
2019-02-01,Jakarta Pusat,Menteng,0.0,0.0
2019-03-01,Jakarta Pusat,Menteng,0.0,0.0
2019-04-01,Jakarta Pusat,Menteng,0.0,0.0
2019-05-01,Jakarta Pusat,Menteng,0.0,0.49731555581092834
2019-06-01,Jakarta Pusat,Menteng,0.0,1.3808320760726929
2019-07-01,Jakarta Pusat,Menteng,0.0,0.43079158663749695
2019-08-01,Jakarta Pusat,Menteng,0.0,1.547184944152832
2019-09-01,Jakarta Pusat,Menteng,0.0,1.1782722473144531
2019-10-01,Jakarta Pusat,Menteng,0.0,0.6174303889274597
2019-11-01,Jakarta Pusat,Menteng,0.0,0.6177248358726501
2019-12-01,Jakarta Pusat,Menteng,0.0,1.0832511186599731
2020-01-01,Jakarta Pusat,Menteng,0.0,0.05107017233967781
2020-02-01,Jakarta Pusat,Menteng,0.0,0.0
2020-03-01,Jakarta Pusat,Menteng,0.0,1.6375646591186523
2020-04-01,Jakarta Pusat,Menteng,90.0,37.37297821044922
2020-05-01,Jakarta Pusat,Menteng,0.0,1.0067678689956665
2020-06-01,Jakarta Pusat,Menteng,0.0,0.0
2020-07-01,Jakarta Pusat,Menteng,0.0,0.0
2020-08-01,Jakarta Pusat,Menteng,0.0,1.9360501766204834
2020-09-01,Jakarta Pusat,Menteng,0.0,0.0
2020-10-01,Jakarta Pusat,Menteng,0.0,0.6179423332214355
2020-11-01,Jakarta Pusat,Menteng,0.0,0.0
2018-12-01,Jakarta Pusat,Senen,-1.1102230246251565e-16,4.70280647277832e-05
2019-01-01,Jakarta Pusat,Senen,-1.1102230246251565e-16,8.32676887512207e-05
2019-02-01,Jakarta Pusat,Senen,-1.1102230246251565e-16,0.0
2019-03-01,Jakarta Pusat,Senen,-1.1102230246251565e-16,2.2113323211669922e-05
2019-04-01,Jakarta Pusat,Senen,-1.1102230246251565e-16,1.8358230590820312e-05
2019-05-01,Jakarta Pusat,Senen,20.0,6.73532485961914e-05
2019-06-01,Jakarta Pusat,Senen,-1.1102230246251565e-16,5.805492401123047e-05
2019-07-01,Jakarta Pusat,Senen,-1.1102230246251565e-16,5.167722702026367e-05
2019-08-01,Jakarta Pusat,Senen,-1.1102230246251565e-16,6.735324859619141e-06
2019-09-01,Jakarta Pusat,Senen,-1.1102230246251565e-16,2.3484230041503906e-05
2019-10-01,Jakarta Pusat,Senen,-1.1102230246251565e-16,2.3543834686279297e-05
2019-11-01,Jakarta Pusat,Senen,-1.1102230246251565e-16,0.0
2019-12-01,Jakarta Pusat,Senen,-1.1102230246251565e-16,2.1576881408691406e-05
2020-01-01,Jakarta Pusat,Senen,-1.1102230246251565e-16,0.0
2020-02-01,Jakarta Pusat,Senen,-1.1102230246251565e-16,7.408857345581055e-05
2020-03-01,Jakarta Pusat,Senen,-1.1102230246251565e-16,0.00012421607971191406
2020-04-01,Jakarta Pusat,Senen,50.00000000000001,4.8160552978515625e-05
2020-05-01,Jakarta Pusat,Senen,-1.1102230246251565e-16,1.5437602996826172e-05
2020-06-01,Jakarta Pusat,Senen,-1.1102230246251565e-16,8.875131607055664e-05
2020-07-01,Jakarta Pusat,Senen,-1.1102230246251565e-16,9.763240814208984e-05
2020-08-01,Jakarta Pusat,Senen,-1.1102230246251565e-16,0.0
2020-09-01,Jakarta Pusat,Senen,-1.1102230246251565e-16,0.0001519918441772461
2020-10-01,Jakarta Pusat,Senen,20.0,3.5703182220458984e-05
2020-11-01,Jakarta Pusat,Senen,-1.1102230246251565e-16,3.701448440551758e-05
2018-12-01,Jakarta Pusat,Kemayoran,0.0,0.825123131275177
2019-01-01,Jakarta Pusat,Kemayoran,0.0,0.355031818151474
2019-02-01,Jakarta Pusat,Kemayoran,0.0,0.0
2019-03-01,Jakarta Pusat,Kemayoran,0.0,14.775473594665527
2019-04-01,Jakarta Pusat,Kemayoran,0.0,13.414341926574707
2019-05-01,Jakarta Pusat,Kemayoran,0.0,1.3700157403945923
2019-06-01,Jakarta Pusat,Kemayoran,0.0,0.0
2019-07-01,Jakarta Pusat,Kemayoran,0.0,0.0
2019-08-01,Jakarta Pusat,Kemayoran,0.0,0.7173212170600891
2019-09-01,Jakarta Pusat,Kemayoran,0.0,2.7456893920898438
2019-10-01,Jakarta Pusat,Kemayoran,0.0,1.3024758100509644
2019-11-01,Jakarta Pusat,Kemayoran,0.0,0.0
2019-12-01,Jakarta Pusat,Kemayoran,0.0,5.787370204925537
2020-01-01,Jakarta Pusat,Kemayoran,0.0,0.0
2020-02-01,Jakarta Pusat,Kemayoran,0.0,0.0
2020-03-01,Jakarta Pusat,Kemayoran,70.0,34.90974807739258
2020-04-01,Jakarta Pusat,Kemayoran,100.0,76.92892456054688
2020-05-01,Jakarta Pusat,Kemayoran,0.0,0.0
2020-06-01,Jakarta Pusat,Kemayoran,0.0,0.0
2020-07-01,Jakarta Pusat,Kemayoran,0.0,0.0
2020-08-01,Jakarta Pusat,Kemayoran,0.0,0.0
2020-09-01,Jakarta Pusat,Kemayoran,0.0,0.0
2020-10-01,Jakarta Pusat,Kemayoran,0.0,0.0
2020-11-01,Jakarta Pusat,Kemayoran,0.0,0.0
2018-12-01,Jakarta Selatan,Cilandak,0.0,0.0
2019-01-01,Jakarta Selatan,Cilandak,70.0,8.860177993774414
2019-02-01,Jakarta Selatan,Cilandak,60.0,65.44023132324219
2019-03-01,Jakarta Selatan,Cilandak,0.0,0.0
2019-04-01,Jakarta Selatan,Cilandak,50.0,69.16464233398438
2019-05-01,Jakarta Selatan,Cilandak,30.0,23.111732482910156
2019-06-01,Jakarta Selatan,Cilandak,50.0,51.25114059448242
2019-07-01,Jakarta Selatan,Cilandak,0.0,0.0
2019-08-01,Jakarta Selatan,Cilandak,0.0,0.0
2019-09-01,Jakarta Selatan,Cilandak,0.0,0.0
2019-10-01,Jakarta Selatan,Cilandak,0.0,0.0
2019-11-01,Jakarta Selatan,Cilandak,0.0,0.0
2019-12-01,Jakarta Selatan,Cilandak,0.0,16.763011932373047
2020-01-01,Jakarta Selatan,Cilandak,0.0,0.0
2020-02-01,Jakarta Selatan,Cilandak,70.0,132.85760498046875
2020-03-01,Jakarta Selatan,Cilandak,71.0,78.8014907836914
2020-04-01,Jakarta Selatan,Cilandak,80.0,107.19593048095703
2020-05-01,Jakarta Selatan,Cilandak,70.0,104.30176544189453
2020-06-01,Jakarta Selatan,Cilandak,80.0,128.5517120361328
2020-07-01,Jakarta Selatan,Cilandak,0.0,0.0
2020-08-01,Jakarta Selatan,Cilandak,0.0,4.38508415222168
2020-09-01,Jakarta Selatan,Cilandak,0.0,0.0
2020-10-01,Jakarta Selatan,Cilandak,0.0,16.79150390625
2020-11-01,Jakarta Selatan,Cilandak,20.0,0.0
2018-12-01,Jakarta Selatan,Jagakarsa,0.0,4.3795647621154785
2019-01-01,Jakarta Selatan,Jagakarsa,0.0,0.0
2019-02-01,Jakarta Selatan,Jagakarsa,0.0,0.0
2019-03-01,Jakarta Selatan,Jagakarsa,0.0,0.0
2019-04-01,Jakarta Selatan,Jagakarsa,70.0,9.10184097290039
2019-05-01,Jakarta Selatan,Jagakarsa,0.0,0.0
2019-06-01,Jakarta Selatan,Jagakarsa,50.0,74.16643524169922
2019-07-01,Jakarta Selatan,Jagakarsa,30.0,64.46907806396484
2019-08-01,Jakarta Selatan,Jagakarsa,0.0,6.361732006072998
2019-09-01,Jakarta Selatan,Jagakarsa,0.0,10.106512069702148
2019-10-01,Jakarta Selatan,Jagakarsa,0.0,5.3598809242248535
2019-11-01,Jakarta Selatan,Jagakarsa,0.0,0.0
2019-12-01,Jakarta Selatan,Jagakarsa,0.0,12.565301895141602
2020-01-01,Jakarta Selatan,Jagakarsa,0.0,0.0
2020-02-01,Jakarta Selatan,Jagakarsa,0.0,0.0
2020-03-01,Jakarta Selatan,Jagakarsa,100.0,137.2825927734375
2020-04-01,Jakarta Selatan,Jagakarsa,100.0,29.672433853149414
2020-05-01,Jakarta Selatan,Jagakarsa,70.0,3.4558756351470947
2020-06-01,Jakarta Selatan,Jagakarsa,50.0,81.1005859375
2020-07-01,Jakarta Selatan,Jagakarsa,40.0,31.755218505859375
2020-08-01,Jakarta Selatan,Jagakarsa,0.0,0.0
2020-09-01,Jakarta Selatan,Jagakarsa,0.0,1.3733209371566772
2020-10-01,Jakarta Selatan,Jagakarsa,0.0,0.0
2020-11-01,Jakarta Selatan,Jagakarsa,0.0,39.42510223388672
2018-12-01,Jakarta Selatan,Kebayoran Baru,0.0,10.394320487976074
2019-01-01,Jakarta Selatan,Kebayoran Baru,0.0,0.0
2019-02-01,Jakarta Selatan,Kebayoran Baru,40.0,94.62770080566406
2019-03-01,Jakarta Selatan,Kebayoran Baru,0.0,7.200605869293213
2019-04-01,Jakarta Selatan,Kebayoran Baru,50.0,87.24475860595703
2019-05-01,Jakarta Selatan,Kebayoran Baru,60.0,53.90988540649414
2019-06-01,Jakarta Selatan,Kebayoran Baru,90.0,94.57849884033203
2019-07-01,Jakarta Selatan,Kebayoran Baru,0.0,25.229259490966797
2019-08-01,Jakarta Selatan,Kebayoran Baru,0.0,2.402125120162964
2019-09-01,Jakarta Selatan,Kebayoran Baru,0.0,0.4067656099796295
2019-10-01,Jakarta Selatan,Kebayoran Baru,0.0,2.400383710861206
2019-11-01,Jakarta Selatan,Kebayoran Baru,0.0,3.4694736003875732
2019-12-01,Jakarta Selatan,Kebayoran Baru,0.0,2.8947932720184326
2020-01-01,Jakarta Selatan,Kebayoran Baru,0.0,0.0
2020-02-01,Jakarta Selatan,Kebayoran Baru,80.0,59.16035461425781
2020-03-01,Jakarta Selatan,Kebayoran Baru,149.99999999999997,99.04798126220703
2020-04-01,Jakarta Selatan,Kebayoran Baru,35.0,87.30783081054688
2020-05-01,Jakarta Selatan,Kebayoran Baru,0.0,13.519253730773926
2020-06-01,Jakarta Selatan,Kebayoran Baru,50.0,66.15591430664062
2020-07-01,Jakarta Selatan,Kebayoran Baru,0.0,13.427661895751953
2020-08-01,Jakarta Selatan,Kebayoran Baru,0.0,0.0
2020-09-01,Jakarta Selatan,Kebayoran Baru,0.0,0.0
2020-10-01,Jakarta Selatan,Kebayoran Baru,0.0,0.0
2020-11-01,Jakarta Selatan,Kebayoran Baru,50.0,18.601511001586914
2018-12-01,Jakarta Selatan,Kebayoran Lama,0.0,0.0
2019-01-01,Jakarta Selatan,Kebayoran Lama,20.0,86.24156951904297
2019-02-01,Jakarta Selatan,Kebayoran Lama,80.0,61.88096618652344
2019-03-01,Jakarta Selatan,Kebayoran Lama,0.0,10.252161979675293
2019-04-01,Jakarta Selatan,Kebayoran Lama,50.0,70.1005630493164
2019-05-01,Jakarta Selatan,Kebayoran Lama,0.0,15.144497871398926
2019-06-01,Jakarta Selatan,Kebayoran Lama,60.0,84.23501586914062
2019-07-01,Jakarta Selatan,Kebayoran Lama,30.0,62.047454833984375
2019-08-01,Jakarta Selatan,Kebayoran Lama,0.0,3.867975950241089
2019-09-01,Jakarta Selatan,Kebayoran Lama,0.0,0.7369868159294128
2019-10-01,Jakarta Selatan,Kebayoran Lama,0.0,0.0
2019-11-01,Jakarta Selatan,Kebayoran Lama,0.0,3.8533732891082764
2019-12-01,Jakarta Selatan,Kebayoran Lama,0.0,6.098806858062744
2020-01-01,Jakarta Selatan,Kebayoran Lama,0.0,42.13670349121094
2020-02-01,Jakarta Selatan,Kebayoran Lama,75.0,87.99427032470703
2020-03-01,Jakarta Selatan,Kebayoran Lama,150.0,137.2165985107422
2020-04-01,Jakarta Selatan,Kebayoran Lama,100.0,126.66677856445312
2020-05-01,Jakarta Selatan,Kebayoran Lama,115.0,75.833740234375
2020-06-01,Jakarta Selatan,Kebayoran Lama,40.0,73.77640533447266
2020-07-01,Jakarta Selatan,Kebayoran Lama,100.0,132.8798828125
2020-08-01,Jakarta Selatan,Kebayoran Lama,0.0,3.510176420211792
2020-09-01,Jakarta Selatan,Kebayoran Lama,0.0,0.0
2020-10-01,Jakarta Selatan,Kebayoran Lama,0.0,0.0
2020-11-01,Jakarta Selatan,Kebayoran Lama,0.0,5.14407205581665
2018-12-01,Jakarta Selatan,Pancoran,0.0,37.46329879760742
2019-01-01,Jakarta Selatan,Pancoran,0.0,0.0
2019-02-01,Jakarta Selatan,Pancoran,70.0,109.28617858886719
2019-03-01,Jakarta Selatan,Pancoran,0.0,5.526651859283447
2019-04-01,Jakarta Selatan,Pancoran,80.0,154.1250762939453
2019-05-01,Jakarta Selatan,Pancoran,30.0,68.80191802978516
2019-06-01,Jakarta Selatan,Pancoran,250.0,157.68492126464844
2019-07-01,Jakarta Selatan,Pancoran,0.0,30.699825286865234
2019-08-01,Jakarta Selatan,Pancoran,0.0,6.791243076324463
2019-09-01,Jakarta Selatan,Pancoran,0.0,0.0
2019-10-01,Jakarta Selatan,Pancoran,0.0,0.0
2019-11-01,Jakarta Selatan,Pancoran,0.0,12.282938957214355
2019-12-01,Jakarta Selatan,Pancoran,30.0,9.982111930847168
2020-01-01,Jakarta Selatan,Pancoran,0.0,67.56466674804688
2020-02-01,Jakarta Selatan,Pancoran,0.0,0.0
2020-03-01,Jakarta Selatan,Pancoran,200.00000000000003,296.76763916015625
2020-04-01,Jakarta Selatan,Pancoran,200.00000000000003,137.66432189941406
2020-05-01,Jakarta Selatan,Pancoran,90.0,157.75119018554688
2020-06-01,Jakarta Selatan,Pancoran,50.0,78.92384338378906
2020-07-01,Jakarta Selatan,Pancoran,100.0,28.88158416748047
2020-08-01,Jakarta Selatan,Pancoran,0.0,9.84079647064209
2020-09-01,Jakarta Selatan,Pancoran,0.0,0.8532664179801941
2020-10-01,Jakarta Selatan,Pancoran,0.0,0.0
2020-11-01,Jakarta Selatan,Pancoran,40.0,91.9945068359375
2018-12-01,Jakarta Selatan,Pasar Minggu,0.0,24.60309600830078
2019-01-01,Jakarta Selatan,Pasar Minggu,29.999999999999996,45.880611419677734
2019-02-01,Jakarta Selatan,Pasar Minggu,100.0,18.752742767333984
2019-03-01,Jakarta Selatan,Pasar Minggu,60.0,123.84368896484375
2019-04-01,Jakarta Selatan,Pasar Minggu,80.0,141.37796020507812
2019-05-01,Jakarta Selatan,Pasar Minggu,80.0,71.7096176147461
2019-06-01,Jakarta Selatan,Pasar Minggu,220.0,111.30538940429688
2019-07-01,Jakarta Selatan,Pasar Minggu,40.0,76.75730895996094
2019-08-01,Jakarta Selatan,Pasar Minggu,0.0,14.915904998779297
2019-09-01,Jakarta Selatan,Pasar Minggu,0.0,4.461414337158203
2019-10-01,Jakarta Selatan,Pasar Minggu,0.0,0.0
2019-11-01,Jakarta Selatan,Pasar Minggu,0.0,0.0
2019-12-01,Jakarta Selatan,Pasar Minggu,100.0,21.11511993408203
2020-01-01,Jakarta Selatan,Pasar Minggu,0.0,16.124317169189453
2020-02-01,Jakarta Selatan,Pasar Minggu,60.0,91.2890625
2020-03-01,Jakarta Selatan,Pasar Minggu,200.0,148.02037048339844
2020-04-01,Jakarta Selatan,Pasar Minggu,120.0,225.3631134033203
2020-05-01,Jakarta Selatan,Pasar Minggu,160.0,168.0889892578125
2020-06-01,Jakarta Selatan,Pasar Minggu,80.0,147.80154418945312
2020-07-01,Jakarta Selatan,Pasar Minggu,150.0,101.23452758789062
2020-08-01,Jakarta Selatan,Pasar Minggu,0.0,24.736129760742188
2020-09-01,Jakarta Selatan,Pasar Minggu,0.0,0.0
2020-10-01,Jakarta Selatan,Pasar Minggu,60.0,0.0
2020-11-01,Jakarta Selatan,Pasar Minggu,100.0,25.037479400634766
2018-12-01,Jakarta Selatan,Pesanggrahan,-3.552713678800501e-15,7.550689697265625
2019-01-01,Jakarta Selatan,Pesanggrahan,70.0,119.89617156982422
2019-02-01,Jakarta Selatan,Pesanggrahan,40.0,55.97523880004883
2019-03-01,Jakarta Selatan,Pesanggrahan,-3.552713678800501e-15,0.0
2019-04-01,Jakarta Selatan,Pesanggrahan,-3.552713678800501e-15,0.0
2019-05-01,Jakarta Selatan,Pesanggrahan,-3.552713678800501e-15,0.0
2019-06-01,Jakarta Selatan,Pesanggrahan,-3.552713678800501e-15,25.625282287597656
2019-07-01,Jakarta Selatan,Pesanggrahan,-3.552713678800501e-15,2.422658920288086
2019-08-01,Jakarta Selatan,Pesanggrahan,-3.552713678800501e-15,0.0
2019-09-01,Jakarta Selatan,Pesanggrahan,-3.552713678800501e-15,0.0
2019-10-01,Jakarta Selatan,Pesanggrahan,-3.552713678800501e-15,0.0
2019-11-01,Jakarta Selatan,Pesanggrahan,-3.552713678800501e-15,0.0
2019-12-01,Jakarta Selatan,Pesanggrahan,-3.552713678800501e-15,4.662994384765625
2020-01-01,Jakarta Selatan,Pesanggrahan,-3.552713678800501e-15,31.980026245117188
2020-02-01,Jakarta Selatan,Pesanggrahan,-3.552713678800501e-15,12.768078804016113
2020-03-01,Jakarta Selatan,Pesanggrahan,200.0,111.51014709472656
2020-04-01,Jakarta Selatan,Pesanggrahan,30.0,96.38945770263672
2020-05-01,Jakarta Selatan,Pesanggrahan,60.0,90.41677856445312
2020-06-01,Jakarta Selatan,Pesanggrahan,20.0,67.77180480957031
2020-07-01,Jakarta Selatan,Pesanggrahan,-3.552713678800501e-15,8.15212631225586
2020-08-01,Jakarta Selatan,Pesanggrahan,-3.552713678800501e-15,3.1501502990722656
2020-09-01,Jakarta Selatan,Pesanggrahan,-3.552713678800501e-15,0.0
2020-10-01,Jakarta Selatan,Pesanggrahan,20.0,7.192047119140625
2020-11-01,Jakarta Selatan,Pesanggrahan,-3.552713678800501e-15,2.4957199096679688
2018-12-01,Jakarta Selatan,Setiabudi,0.0,8.69614315032959
2019-01-01,Jakarta Selatan,Setiabudi,0.0,0.0
2019-02-01,Jakarta Selatan,Setiabudi,0.0,0.0
2019-03-01,Jakarta Selatan,Setiabudi,0.0,0.0
2019-04-01,Jakarta Selatan,Setiabudi,0.0,0.0
2019-05-01,Jakarta Selatan,Setiabudi,0.0,1.5028208494186401
2019-06-01,Jakarta Selatan,Setiabudi,0.0,2.3161590099334717
2019-07-01,Jakarta Selatan,Setiabudi,0.0,0.4713717997074127
2019-08-01,Jakarta Selatan,Setiabudi,0.0,0.0
2019-09-01,Jakarta Selatan,Setiabudi,0.0,2.7033958435058594
2019-10-01,Jakarta Selatan,Setiabudi,0.0,0.5831915736198425
2019-11-01,Jakarta Selatan,Setiabudi,0.0,0.0
2019-12-01,Jakarta Selatan,Setiabudi,0.0,0.0
2020-01-01,Jakarta Selatan,Setiabudi,0.0,0.0
2020-02-01,Jakarta Selatan,Setiabudi,0.0,21.971458435058594
2020-03-01,Jakarta Selatan,Setiabudi,150.0,24.834238052368164
2020-04-01,Jakarta Selatan,Setiabudi,80.0,56.37223434448242
2020-05-01,Jakarta Selatan,Setiabudi,60.0,63.35024642944336
2020-06-01,Jakarta Selatan,Setiabudi,0.0,3.5336949825286865
2020-07-01,Jakarta Selatan,Setiabudi,0.0,2.7036447525024414
2020-08-01,Jakarta Selatan,Setiabudi,0.0,0.0
2020-09-01,Jakarta Selatan,Setiabudi,0.0,0.0
2020-10-01,Jakarta Selatan,Setiabudi,0.0,0.0
2020-11-01,Jakarta Selatan,Setiabudi,0.0,5.242490768432617
2018-12-01,Jakarta Selatan,Tebet,0.0,5.988610744476318
2019-01-01,Jakarta Selatan,Tebet,0.0,0.0
2019-02-01,Jakarta Selatan,Tebet,0.0,4.8681960105896
2019-03-01,Jakarta Selatan,Tebet,0.0,27.84678077697754
2019-04-01,Jakarta Selatan,Tebet,15.0,58.832916259765625
2019-05-01,Jakarta Selatan,Tebet,0.0,7.116555690765381
2019-06-01,Jakarta Selatan,Tebet,100.0,29.846433639526367
2019-07-01,Jakarta Selatan,Tebet,0.0,14.532248497009277
2019-08-01,Jakarta Selatan,Tebet,0.0,7.101659297943115
2019-09-01,Jakarta Selatan,Tebet,0.0,3.6986210346221924
2019-10-01,Jakarta Selatan,Tebet,0.0,13.364161491394043
2019-11-01,Jakarta Selatan,Tebet,0.0,5.406766414642334
2019-12-01,Jakarta Selatan,Tebet,30.0,27.416744232177734
2020-01-01,Jakarta Selatan,Tebet,0.0,0.0
2020-02-01,Jakarta Selatan,Tebet,0.0,0.0
2020-03-01,Jakarta Selatan,Tebet,200.0,184.1193084716797
2020-04-01,Jakarta Selatan,Tebet,130.0,146.52186584472656
2020-05-01,Jakarta Selatan,Tebet,80.0,20.795772552490234
2020-06-01,Jakarta Selatan,Tebet,40.0,52.728885650634766
2020-07-01,Jakarta Selatan,Tebet,65.0,17.61475372314453
2020-08-01,Jakarta Selatan,Tebet,0.0,7.661988735198975
2020-09-01,Jakarta Selatan,Tebet,0.0,0.0
2020-10-01,Jakarta Selatan,Tebet,30.0,29.82982635498047
2020-11-01,Jakarta Selatan,Tebet,30.0,4.058824062347412
2018-12-01,Jakarta Selatan,Mampang Prapatan,0.0,16.205257415771484
2019-01-01,Jakarta Selatan,Mampang Prapatan,0.0,0.0
2019-02-01,Jakarta Selatan,Mampang Prapatan,80.0,55.90815734863281
2019-03-01,Jakarta Selatan,Mampang Prapatan,0.0,0.0
2019-04-01,Jakarta Selatan,Mampang Prapatan,40.0,66.64883422851562
2019-05-01,Jakarta Selatan,Mampang Prapatan,0.0,0.0
2019-06-01,Jakarta Selatan,Mampang Prapatan,70.0,19.89976692199707
2019-07-01,Jakarta Selatan,Mampang Prapatan,0.0,27.565326690673828
2019-08-01,Jakarta Selatan,Mampang Prapatan,0.0,6.858885288238525
2019-09-01,Jakarta Selatan,Mampang Prapatan,0.0,4.61150598526001
2019-10-01,Jakarta Selatan,Mampang Prapatan,0.0,5.078205585479736
2019-11-01,Jakarta Selatan,Mampang Prapatan,0.0,3.8219707012176514
2019-12-01,Jakarta Selatan,Mampang Prapatan,0.0,0.0
2020-01-01,Jakarta Selatan,Mampang Prapatan,0.0,25.77085304260254
2020-02-01,Jakarta Selatan,Mampang Prapatan,0.0,34.06307601928711
2020-03-01,Jakarta Selatan,Mampang Prapatan,150.0,24.129207611083984
2020-04-01,Jakarta Selatan,Mampang Prapatan,120.0,73.29889678955078
2020-05-01,Jakarta Selatan,Mampang Prapatan,40.0,77.2840347290039
2020-06-01,Jakarta Selatan,Mampang Prapatan,90.0,82.89034271240234
2020-07-01,Jakarta Selatan,Mampang Prapatan,0.0,15.647201538085938
2020-08-01,Jakarta Selatan,Mampang Prapatan,0.0,12.625411033630371
2020-09-01,Jakarta Selatan,Mampang Prapatan,0.0,2.5087192058563232
2020-10-01,Jakarta Selatan,Mampang Prapatan,80.0,23.11164665222168
2020-11-01,Jakarta Selatan,Mampang Prapatan,0.0,0.0
2018-12-01,Jakarta Timur,Cakung,0.0,0.0
2019-01-01,Jakarta Timur,Cakung,20.0,28.43376350402832
2019-02-01,Jakarta Timur,Cakung,100.0,31.777963638305664
2019-03-01,Jakarta Timur,Cakung,30.0,55.204345703125
2019-04-01,Jakarta Timur,Cakung,0.0,12.165472984313965
2019-05-01,Jakarta Timur,Cakung,20.0,21.560941696166992
2019-06-01,Jakarta Timur,Cakung,0.0,12.690052032470703
2019-07-01,Jakarta Timur,Cakung,0.0,2.367466688156128
2019-08-01,Jakarta Timur,Cakung,0.0,0.0
2019-09-01,Jakarta Timur,Cakung,0.0,2.3685462474823
2019-10-01,Jakarta Timur,Cakung,0.0,0.0
2019-11-01,Jakarta Timur,Cakung,0.0,2.2855117321014404
2019-12-01,Jakarta Timur,Cakung,0.0,5.618923664093018
2020-01-01,Jakarta Timur,Cakung,0.0,31.017192840576172
2020-02-01,Jakarta Timur,Cakung,0.0,25.04951286315918
2020-03-01,Jakarta Timur,Cakung,200.0,120.35743713378906
2020-04-01,Jakarta Timur,Cakung,250.0,142.52484130859375
2020-05-01,Jakarta Timur,Cakung,60.0,96.5969467163086
2020-06-01,Jakarta Timur,Cakung,20.0,5.992855548858643
2020-07-01,Jakarta Timur,Cakung,0.0,14.70348834991455
2020-08-01,Jakarta Timur,Cakung,0.0,0.0
2020-09-01,Jakarta Timur,Cakung,0.0,7.827315807342529
2020-10-01,Jakarta Timur,Cakung,0.0,0.0
2020-11-01,Jakarta Timur,Cakung,0.0,1.08553946018219
2018-12-01,Jakarta Timur,Cipayung,0.0,0.0
2019-01-01,Jakarta Timur,Cipayung,0.0,0.0
2019-02-01,Jakarta Timur,Cipayung,0.0,0.7089737057685852
2019-03-01,Jakarta Timur,Cipayung,0.0,21.067745208740234
2019-04-01,Jakarta Timur,Cipayung,0.0,20.48404884338379
2019-05-01,Jakarta Timur,Cipayung,0.0,0.0
2019-06-01,Jakarta Timur,Cipayung,0.0,0.0
2019-07-01,Jakarta Timur,Cipayung,0.0,0.0
2019-08-01,Jakarta Timur,Cipayung,0.0,2.788592576980591
2019-09-01,Jakarta Timur,Cipayung,0.0,0.31510767340660095
2019-10-01,Jakarta Timur,Cipayung,0.0,0.0
2019-11-01,Jakarta Timur,Cipayung,0.0,0.0
2019-12-01,Jakarta Timur,Cipayung,0.0,0.2527860105037689
2020-01-01,Jakarta Timur,Cipayung,0.0,0.0
2020-02-01,Jakarta Timur,Cipayung,0.0,2.910858392715454
2020-03-01,Jakarta Timur,Cipayung,150.0,44.335758209228516
2020-04-01,Jakarta Timur,Cipayung,60.0,65.50144958496094
2020-05-01,Jakarta Timur,Cipayung,80.0,74.89137268066406
2020-06-01,Jakarta Timur,Cipayung,20.0,29.327735900878906
2020-07-01,Jakarta Timur,Cipayung,50.0,20.209489822387695
2020-08-01,Jakarta Timur,Cipayung,0.0,2.219367742538452
2020-09-01,Jakarta Timur,Cipayung,0.0,0.0
2020-10-01,Jakarta Timur,Cipayung,0.0,0.0
2020-11-01,Jakarta Timur,Cipayung,0.0,0.0
2018-12-01,Jakarta Timur,Ciracas,0.0,0.0
2019-01-01,Jakarta Timur,Ciracas,30.0,4.917500972747803
2019-02-01,Jakarta Timur,Ciracas,50.0,29.099409103393555
2019-03-01,Jakarta Timur,Ciracas,0.0,2.41801381111145
2019-04-01,Jakarta Timur,Ciracas,0.0,21.926616668701172
2019-05-01,Jakarta Timur,Ciracas,50.0,28.684280395507812
2019-06-01,Jakarta Timur,Ciracas,40.0,51.244625091552734
2019-07-01,Jakarta Timur,Ciracas,0.0,0.0
2019-08-01,Jakarta Timur,Ciracas,0.0,0.0
2019-09-01,Jakarta Timur,Ciracas,0.0,0.0
2019-10-01,Jakarta Timur,Ciracas,0.0,4.278995990753174
2019-11-01,Jakarta Timur,Ciracas,0.0,2.181838274002075
2019-12-01,Jakarta Timur,Ciracas,0.0,0.0
2020-01-01,Jakarta Timur,Ciracas,0.0,9.352023124694824
2020-02-01,Jakarta Timur,Ciracas,0.0,3.3512661457061768
2020-03-01,Jakarta Timur,Ciracas,200.0,78.92333984375
2020-04-01,Jakarta Timur,Ciracas,100.00000000000001,113.10248565673828
2020-05-01,Jakarta Timur,Ciracas,100.00000000000001,52.15096664428711
2020-06-01,Jakarta Timur,Ciracas,50.0,58.175331115722656
2020-07-01,Jakarta Timur,Ciracas,50.0,58.298526763916016
2020-08-01,Jakarta Timur,Ciracas,0.0,3.0705082416534424
2020-09-01,Jakarta Timur,Ciracas,0.0,0.0
2020-10-01,Jakarta Timur,Ciracas,0.0,0.0
2020-11-01,Jakarta Timur,Ciracas,0.0,4.958975315093994
2018-12-01,Jakarta Timur,Duren Sawit,0.0,1.407030701637268
2019-01-01,Jakarta Timur,Duren Sawit,0.0,2.2347075939178467
2019-02-01,Jakarta Timur,Duren Sawit,0.0,0.0
2019-03-01,Jakarta Timur,Duren Sawit,0.0,1.1149574518203735
2019-04-01,Jakarta Timur,Duren Sawit,0.0,10.595196723937988
2019-05-01,Jakarta Timur,Duren Sawit,0.0,13.577696800231934
2019-06-01,Jakarta Timur,Duren Sawit,0.0,1.9614368677139282
2019-07-01,Jakarta Timur,Duren Sawit,0.0,1.853955864906311
2019-08-01,Jakarta Timur,Duren Sawit,0.0,0.0
2019-09-01,Jakarta Timur,Duren Sawit,0.0,0.38455644249916077
2019-10-01,Jakarta Timur,Duren Sawit,0.0,3.8388850688934326
2019-11-01,Jakarta Timur,Duren Sawit,0.0,0.0
2019-12-01,Jakarta Timur,Duren Sawit,0.0,3.171851873397827
2020-01-01,Jakarta Timur,Duren Sawit,0.0,0.0
2020-02-01,Jakarta Timur,Duren Sawit,0.0,46.76954650878906
2020-03-01,Jakarta Timur,Duren Sawit,170.0,80.20947265625
2020-04-01,Jakarta Timur,Duren Sawit,100.0,115.18964385986328
2020-05-01,Jakarta Timur,Duren Sawit,30.0,8.695746421813965
2020-06-01,Jakarta Timur,Duren Sawit,30.0,9.810534477233887
2020-07-01,Jakarta Timur,Duren Sawit,0.0,11.678913116455078
2020-08-01,Jakarta Timur,Duren Sawit,0.0,0.0
2020-09-01,Jakarta Timur,Duren Sawit,0.0,0.0
2020-10-01,Jakarta Timur,Duren Sawit,0.0,3.0730655193328857
2020-11-01,Jakarta Timur,Duren Sawit,0.0,0.0
2018-12-01,Jakarta Timur,Jatinegara,80.0,104.82491302490234
2019-01-01,Jakarta Timur,Jatinegara,100.0,28.08692741394043
2019-02-01,Jakarta Timur,Jatinegara,0.0,33.29190444946289
2019-03-01,Jakarta Timur,Jatinegara,30.0,19.126127243041992
2019-04-01,Jakarta Timur,Jatinegara,135.0,42.618839263916016
2019-05-01,Jakarta Timur,Jatinegara,100.0,0.6609013676643372
2019-06-01,Jakarta Timur,Jatinegara,250.0,302.31396484375
2019-07-01,Jakarta Timur,Jatinegara,30.0,88.45067596435547
2019-08-01,Jakarta Timur,Jatinegara,0.0,39.58625030517578
2019-09-01,Jakarta Timur,Jatinegara,0.0,28.58698844909668
2019-10-01,Jakarta Timur,Jatinegara,0.0,22.5395565032959
2019-11-01,Jakarta Timur,Jatinegara,0.0,25.923742294311523
2019-12-01,Jakarta Timur,Jatinegara,60.0,19.270383834838867
2020-01-01,Jakarta Timur,Jatinegara,0.0,46.24040603637695
2020-02-01,Jakarta Timur,Jatinegara,50.0,0.0
2020-03-01,Jakarta Timur,Jatinegara,350.0,300.8190612792969
2020-04-01,Jakarta Timur,Jatinegara,150.0,272.7471008300781
2020-05-01,Jakarta Timur,Jatinegara,140.0,277.5727844238281
2020-06-01,Jakarta Timur,Jatinegara,130.0,74.65201568603516
2020-07-01,Jakarta Timur,Jatinegara,180.0,150.14125061035156
2020-08-01,Jakarta Timur,Jatinegara,0.0,56.76437759399414
2020-09-01,Jakarta Timur,Jatinegara,0.0,25.216001510620117
2020-10-01,Jakarta Timur,Jatinegara,0.0,0.0
2020-11-01,Jakarta Timur,Jatinegara,75.0,104.06212615966797
2018-12-01,Jakarta Timur,Kramat Jati,50.0,39.57827377319336
2019-01-01,Jakarta Timur,Kramat Jati,50.0,34.419921875
2019-02-01,Jakarta Timur,Kramat Jati,0.0,55.05210876464844
2019-03-01,Jakarta Timur,Kramat Jati,0.0,6.189788818359375
2019-04-01,Jakarta Timur,Kramat Jati,120.0,147.81719970703125
2019-05-01,Jakarta Timur,Kramat Jati,80.0,56.97551727294922
2019-06-01,Jakarta Timur,Kramat Jati,170.0,245.55474853515625
2019-07-01,Jakarta Timur,Kramat Jati,0.0,17.24313735961914
2019-08-01,Jakarta Timur,Kramat Jati,0.0,11.751449584960938
2019-09-01,Jakarta Timur,Kramat Jati,0.0,3.1126251220703125
2019-10-01,Jakarta Timur,Kramat Jati,0.0,0.0
2019-11-01,Jakarta Timur,Kramat Jati,0.0,0.0
2019-12-01,Jakarta Timur,Kramat Jati,0.0,27.52902603149414
2020-01-01,Jakarta Timur,Kramat Jati,0.0,113.14337158203125
2020-02-01,Jakarta Timur,Kramat Jati,50.0,134.81776428222656
2020-03-01,Jakarta Timur,Kramat Jati,200.0,238.70448303222656
2020-04-01,Jakarta Timur,Kramat Jati,150.0,260.3865966796875
2020-05-01,Jakarta Timur,Kramat Jati,115.0,169.374267578125
2020-06-01,Jakarta Timur,Kramat Jati,110.0,201.9592742919922
2020-07-01,Jakarta Timur,Kramat Jati,200.0,182.9799041748047
2020-08-01,Jakarta Timur,Kramat Jati,0.0,43.23338317871094
2020-09-01,Jakarta Timur,Kramat Jati,0.0,0.0
2020-10-01,Jakarta Timur,Kramat Jati,0.0,0.0
2020-11-01,Jakarta Timur,Kramat Jati,100.0,194.8280029296875
2018-12-01,Jakarta Timur,Makasar,0.0,0.0
2019-01-01,Jakarta Timur,Makasar,50.0,26.453411102294922
2019-02-01,Jakarta Timur,Makasar,30.0,32.964542388916016
2019-03-01,Jakarta Timur,Makasar,0.0,3.4707133769989014
2019-04-01,Jakarta Timur,Makasar,60.0,72.9418716430664
2019-05-01,Jakarta Timur,Makasar,10.0,10.666691780090332
2019-06-01,Jakarta Timur,Makasar,100.0,181.94711303710938
2019-07-01,Jakarta Timur,Makasar,100.0,33.799293518066406
2019-08-01,Jakarta Timur,Makasar,0.0,5.798574924468994
2019-09-01,Jakarta Timur,Makasar,0.0,3.105665922164917
2019-10-01,Jakarta Timur,Makasar,0.0,0.3342386782169342
2019-11-01,Jakarta Timur,Makasar,0.0,0.0
2019-12-01,Jakarta Timur,Makasar,100.0,40.77397537231445
2020-01-01,Jakarta Timur,Makasar,0.0,66.30621337890625
2020-02-01,Jakarta Timur,Makasar,50.0,21.623613357543945
2020-03-01,Jakarta Timur,Makasar,220.0,88.2349624633789
2020-04-01,Jakarta Timur,Makasar,150.0,179.2653350830078
2020-05-01,Jakarta Timur,Makasar,100.0,107.19046020507812
2020-06-01,Jakarta Timur,Makasar,50.0,185.21717834472656
2020-07-01,Jakarta Timur,Makasar,0.0,3.5026156902313232
2020-08-01,Jakarta Timur,Makasar,0.0,10.716048240661621
2020-09-01,Jakarta Timur,Makasar,0.0,0.0
2020-10-01,Jakarta Timur,Makasar,0.0,9.854758262634277
2020-11-01,Jakarta Timur,Makasar,0.0,0.0
2018-12-01,Jakarta Timur,Matraman,0.0,0.0
2019-01-01,Jakarta Timur,Matraman,0.0,0.0
2019-02-01,Jakarta Timur,Matraman,0.0,0.0
2019-03-01,Jakarta Timur,Matraman,0.0,14.494403839111328
2019-04-01,Jakarta Timur,Matraman,0.0,0.0
2019-05-01,Jakarta Timur,Matraman,0.0,0.0
2019-06-01,Jakarta Timur,Matraman,20.0,11.208996772766113
2019-07-01,Jakarta Timur,Matraman,0.0,1.604897141456604
2019-08-01,Jakarta Timur,Matraman,0.0,2.0670831203460693
2019-09-01,Jakarta Timur,Matraman,0.0,0.0
2019-10-01,Jakarta Timur,Matraman,0.0,0.1257106512784958
2019-11-01,Jakarta Timur,Matraman,0.0,0.0
2019-12-01,Jakarta Timur,Matraman,0.0,0.0
2020-01-01,Jakarta Timur,Matraman,0.0,0.0
2020-02-01,Jakarta Timur,Matraman,0.0,0.0
2020-03-01,Jakarta Timur,Matraman,150.0,35.53400802612305
2020-04-01,Jakarta Timur,Matraman,59.99999999999999,56.14610290527344
2020-05-01,Jakarta Timur,Matraman,0.0,0.0
2020-06-01,Jakarta Timur,Matraman,0.0,0.0
2020-07-01,Jakarta Timur,Matraman,20.0,7.4650444984436035
2020-08-01,Jakarta Timur,Matraman,0.0,0.0
2020-09-01,Jakarta Timur,Matraman,0.0,0.0
2020-10-01,Jakarta Timur,Matraman,0.0,0.7900015711784363
2020-11-01,Jakarta Timur,Matraman,0.0,0.0
2018-12-01,Jakarta Timur,Pasar Rebo,0.0,0.0
2019-01-01,Jakarta Timur,Pasar Rebo,0.0,4.2383599281311035
2019-02-01,Jakarta Timur,Pasar Rebo,0.0,37.429473876953125
2019-03-01,Jakarta Timur,Pasar Rebo,0.0,1.265093445777893
2019-04-01,Jakarta Timur,Pasar Rebo,60.0,90.30680847167969
2019-05-01,Jakarta Timur,Pasar Rebo,50.0,51.64986801147461
2019-06-01,Jakarta Timur,Pasar Rebo,0.0,0.0
2019-07-01,Jakarta Timur,Pasar Rebo,0.0,0.0
2019-08-01,Jakarta Timur,Pasar Rebo,0.0,0.0
2019-09-01,Jakarta Timur,Pasar Rebo,0.0,0.0
2019-10-01,Jakarta Timur,Pasar Rebo,0.0,5.169630527496338
2019-11-01,Jakarta Timur,Pasar Rebo,0.0,0.0
2019-12-01,Jakarta Timur,Pasar Rebo,0.0,5.541815280914307
2020-01-01,Jakarta Timur,Pasar Rebo,0.0,0.0
2020-02-01,Jakarta Timur,Pasar Rebo,0.0,11.122974395751953
2020-03-01,Jakarta Timur,Pasar Rebo,150.0,70.29629516601562
2020-04-01,Jakarta Timur,Pasar Rebo,25.0,0.0
2020-05-01,Jakarta Timur,Pasar Rebo,100.0,80.19349670410156
2020-06-01,Jakarta Timur,Pasar Rebo,30.0,76.65847778320312
2020-07-01,Jakarta Timur,Pasar Rebo,100.0,65.62326049804688
2020-08-01,Jakarta Timur,Pasar Rebo,0.0,4.576187610626221
2020-09-01,Jakarta Timur,Pasar Rebo,0.0,3.591984510421753
2020-10-01,Jakarta Timur,Pasar Rebo,0.0,0.0
2020-11-01,Jakarta Timur,Pasar Rebo,0.0,13.786497116088867
2018-12-01,Jakarta Timur,Pulo Gadung,0.0,0.2549041211605072
2019-01-01,Jakarta Timur,Pulo Gadung,0.0,1.2689999341964722
2019-02-01,Jakarta Timur,Pulo Gadung,0.0,0.0
2019-03-01,Jakarta Timur,Pulo Gadung,0.0,23.43072509765625
2019-04-01,Jakarta Timur,Pulo Gadung,0.0,24.173757553100586
2019-05-01,Jakarta Timur,Pulo Gadung,0.0,18.214706420898438
2019-06-01,Jakarta Timur,Pulo Gadung,0.0,27.252666473388672
2019-07-01,Jakarta Timur,Pulo Gadung,0.0,8.84028148651123
2019-08-01,Jakarta Timur,Pulo Gadung,0.0,0.0
2019-09-01,Jakarta Timur,Pulo Gadung,0.0,5.276191234588623
2019-10-01,Jakarta Timur,Pulo Gadung,0.0,3.380249261856079
2019-11-01,Jakarta Timur,Pulo Gadung,0.0,5.631729602813721
2019-12-01,Jakarta Timur,Pulo Gadung,0.0,7.896395683288574
2020-01-01,Jakarta Timur,Pulo Gadung,0.0,24.465890884399414
2020-02-01,Jakarta Timur,Pulo Gadung,0.0,8.177498817443848
2020-03-01,Jakarta Timur,Pulo Gadung,150.0,30.812219619750977
2020-04-01,Jakarta Timur,Pulo Gadung,100.0,103.06121826171875
2020-05-01,Jakarta Timur,Pulo Gadung,0.0,12.362223625183105
2020-06-01,Jakarta Timur,Pulo Gadung,0.0,15.232494354248047
2020-07-01,Jakarta Timur,Pulo Gadung,0.0,8.772974967956543
2020-08-01,Jakarta Timur,Pulo Gadung,0.0,0.0
2020-09-01,Jakarta Timur,Pulo Gadung,0.0,0.0
2020-10-01,Jakarta Timur,Pulo Gadung,0.0,11.093542098999023
2020-11-01,Jakarta Timur,Pulo Gadung,0.0,18.85704803466797
2018-12-01,Jakarta Utara,Cilincing,0.0,0.9233143925666809
2019-01-01,Jakarta Utara,Cilincing,0.0,0.0
2019-02-01,Jakarta Utara,Cilincing,0.0,8.94756031036377
2019-03-01,Jakarta Utara,Cilincing,30.0,74.55825805664062
2019-04-01,Jakarta Utara,Cilincing,0.0,14.350286483764648
2019-05-01,Jakarta Utara,Cilincing,50.0,41.3857536315918
2019-06-01,Jakarta Utara,Cilincing,0.0,0.05361111834645271
2019-07-01,Jakarta Utara,Cilincing,0.0,1.178265929222107
2019-08-01,Jakarta Utara,Cilincing,0.0,0.0
2019-09-01,Jakarta Utara,Cilincing,0.0,0.0
2019-10-01,Jakarta Utara,Cilincing,0.0,3.7074472904205322
2019-11-01,Jakarta Utara,Cilincing,0.0,1.655861258506775
2019-12-01,Jakarta Utara,Cilincing,0.0,4.043513774871826
2020-01-01,Jakarta Utara,Cilincing,0.0,0.0
2020-02-01,Jakarta Utara,Cilincing,0.0,16.05030059814453
2020-03-01,Jakarta Utara,Cilincing,150.0,82.0693359375
2020-04-01,Jakarta Utara,Cilincing,110.0,69.52291870117188
2020-05-01,Jakarta Utara,Cilincing,30.0,0.4058707654476166
2020-06-01,Jakarta Utara,Cilincing,0.0,0.0
2020-07-01,Jakarta Utara,Cilincing,0.0,5.003441333770752
2020-08-01,Jakarta Utara,Cilincing,40.0,0.0
2020-09-01,Jakarta Utara,Cilincing,0.0,4.043114185333252
2020-10-01,Jakarta Utara,Cilincing,30.0,10.400630950927734
2020-11-01,Jakarta Utara,Cilincing,0.0,0.3812287747859955
2018-12-01,Jakarta Utara,Kelapa Gading,8.881784197001252e-16,0.0
2019-01-01,Jakarta Utara,Kelapa Gading,8.881784197001252e-16,0.0
2019-02-01,Jakarta Utara,Kelapa Gading,8.881784197001252e-16,0.0
2019-03-01,Jakarta Utara,Kelapa Gading,30.0,10.497488021850586
2019-04-01,Jakarta Utara,Kelapa Gading,8.881784197001252e-16,0.0
2019-05-01,Jakarta Utara,Kelapa Gading,30.0,3.2867848873138428
2019-06-01,Jakarta Utara,Kelapa Gading,8.881784197001252e-16,1.212325096130371
2019-07-01,Jakarta Utara,Kelapa Gading,8.881784197001252e-16,3.5097334384918213
2019-08-01,Jakarta Utara,Kelapa Gading,8.881784197001252e-16,0.7636551856994629
2019-09-01,Jakarta Utara,Kelapa Gading,8.881784197001252e-16,0.0
2019-10-01,Jakarta Utara,Kelapa Gading,8.881784197001252e-16,0.15600013732910156
2019-11-01,Jakarta Utara,Kelapa Gading,8.881784197001252e-16,0.0
2019-12-01,Jakarta Utara,Kelapa Gading,8.881784197001252e-16,0.0
2020-01-01,Jakarta Utara,Kelapa Gading,8.881784197001252e-16,0.0
2020-02-01,Jakarta Utara,Kelapa Gading,8.881784197001252e-16,0.0
2020-03-01,Jakarta Utara,Kelapa Gading,70.0,38.219261169433594
2020-04-01,Jakarta Utara,Kelapa Gading,70.0,95.02229309082031
2020-05-01,Jakarta Utara,Kelapa Gading,8.881784197001252e-16,0.0
2020-06-01,Jakarta Utara,Kelapa Gading,8.881784197001252e-16,2.7034597396850586
2020-07-01,Jakarta Utara,Kelapa Gading,8.881784197001252e-16,0.0064334869384765625
2020-08-01,Jakarta Utara,Kelapa Gading,8.881784197001252e-16,0.0
2020-09-01,Jakarta Utara,Kelapa Gading,8.881784197001252e-16,0.0
2020-10-01,Jakarta Utara,Kelapa Gading,8.881784197001252e-16,1.7635188102722168
2020-11-01,Jakarta Utara,Kelapa Gading,8.881784197001252e-16,0.0
2018-12-01,Jakarta Utara,Pademangan,0.0,0.10180950164794922
2019-01-01,Jakarta Utara,Pademangan,0.0,0.0
2019-02-01,Jakarta Utara,Pademangan,0.0,0.27620649337768555
2019-03-01,Jakarta Utara,Pademangan,0.0,4.455425262451172
2019-04-01,Jakarta Utara,Pademangan,0.0,0.0
2019-05-01,Jakarta Utara,Pademangan,30.0,39.18943786621094
2019-06-01,Jakarta Utara,Pademangan,0.0,0.0
2019-07-01,Jakarta Utara,Pademangan,0.0,0.8634767532348633
2019-08-01,Jakarta Utara,Pademangan,0.0,0.0
2019-09-01,Jakarta Utara,Pademangan,0.0,2.2635562419891357
2019-10-01,Jakarta Utara,Pademangan,0.0,0.713592529296875
2019-11-01,Jakarta Utara,Pademangan,0.0,0.0
2019-12-01,Jakarta Utara,Pademangan,0.0,1.1709794998168945
2020-01-01,Jakarta Utara,Pademangan,0.0,0.0
2020-02-01,Jakarta Utara,Pademangan,0.0,4.13777494430542
2020-03-01,Jakarta Utara,Pademangan,30.0,32.86164855957031
2020-04-01,Jakarta Utara,Pademangan,30.0,47.88918685913086
2020-05-01,Jakarta Utara,Pademangan,0.0,0.0
2020-06-01,Jakarta Utara,Pademangan,0.0,0.0
2020-07-01,Jakarta Utara,Pademangan,0.0,22.154630661010742
2020-08-01,Jakarta Utara,Pademangan,50.0,0.0
2020-09-01,Jakarta Utara,Pademangan,0.0,1.5337498188018799
2020-10-01,Jakarta Utara,Pademangan,0.0,0.0
2020-11-01,Jakarta Utara,Pademangan,0.0,1.2107629776000977
2018-12-01,Jakarta Utara,Penjaringan,0.0,5.710914134979248
2019-01-01,Jakarta Utara,Penjaringan,15.0,14.722078323364258
2019-02-01,Jakarta Utara,Penjaringan,10.0,24.378990173339844
2019-03-01,Jakarta Utara,Penjaringan,40.0,49.16459274291992
2019-04-01,Jakarta Utara,Penjaringan,5.0,15.716684341430664
2019-05-01,Jakarta Utara,Penjaringan,50.0,36.95535659790039
2019-06-01,Jakarta Utara,Penjaringan,10.0,2.872235059738159
2019-07-01,Jakarta Utara,Penjaringan,0.0,10.347408294677734
2019-08-01,Jakarta Utara,Penjaringan,0.0,4.595862865447998
2019-09-01,Jakarta Utara,Penjaringan,0.0,9.508341789245605
2019-10-01,Jakarta Utara,Penjaringan,0.0,5.159919261932373
2019-11-01,Jakarta Utara,Penjaringan,0.0,7.238255977630615
2019-12-01,Jakarta Utara,Penjaringan,0.0,1.8987432718276978
2020-01-01,Jakarta Utara,Penjaringan,0.0,22.12830924987793
2020-02-01,Jakarta Utara,Penjaringan,0.0,16.57868766784668
2020-03-01,Jakarta Utara,Penjaringan,150.0,44.830787658691406
2020-04-01,Jakarta Utara,Penjaringan,80.0,72.70474243164062
2020-05-01,Jakarta Utara,Penjaringan,10.0,9.51187515258789
2020-06-01,Jakarta Utara,Penjaringan,30.0,0.0
2020-07-01,Jakarta Utara,Penjaringan,0.0,11.851946830749512
2020-08-01,Jakarta Utara,Penjaringan,120.0,68.63703155517578
2020-09-01,Jakarta Utara,Penjaringan,0.0,0.0
2020-10-01,Jakarta Utara,Penjaringan,0.0,0.02665201760828495
2020-11-01,Jakarta Utara,Penjaringan,50.0,7.032416820526123
2018-12-01,Jakarta Utara,Tanjung Priok,0.0,0.0
2019-01-01,Jakarta Utara,Tanjung Priok,0.0,0.0
2019-02-01,Jakarta Utara,Tanjung Priok,0.0,0.0
2019-03-01,Jakarta Utara,Tanjung Priok,25.0,8.234781265258789
2019-04-01,Jakarta Utara,Tanjung Priok,0.0,7.836943626403809
2019-05-01,Jakarta Utara,Tanjung Priok,50.0,36.23370361328125
2019-06-01,Jakarta Utara,Tanjung Priok,0.0,0.0
2019-07-01,Jakarta Utara,Tanjung Priok,0.0,0.0
2019-08-01,Jakarta Utara,Tanjung Priok,0.0,0.0
2019-09-01,Jakarta Utara,Tanjung Priok,0.0,0.0
2019-10-01,Jakarta Utara,Tanjung Priok,0.0,5.042618751525879
2019-11-01,Jakarta Utara,Tanjung Priok,0.0,2.0943658351898193
2019-12-01,Jakarta Utara,Tanjung Priok,0.0,0.0
2020-01-01,Jakarta Utara,Tanjung Priok,0.0,0.0
2020-02-01,Jakarta Utara,Tanjung Priok,0.0,0.0
2020-03-01,Jakarta Utara,Tanjung Priok,0.0,17.205734252929688
2020-04-01,Jakarta Utara,Tanjung Priok,30.0,22.381134033203125
2020-05-01,Jakarta Utara,Tanjung Priok,0.0,1.277945876121521
2020-06-01,Jakarta Utara,Tanjung Priok,0.0,0.0
2020-07-01,Jakarta Utara,Tanjung Priok,0.0,6.580513000488281
2020-08-01,Jakarta Utara,Tanjung Priok,0.0,0.0
2020-09-01,Jakarta Utara,Tanjung Priok,0.0,0.0
2020-10-01,Jakarta Utara,Tanjung Priok,0.0,2.4513981342315674
2020-11-01,Jakarta Utara,Tanjung Priok,0.0,0.0
2018-12-01,Jakarta Utara,Koja,-8.881784197001252e-16,0.1613755226135254
2019-01-01,Jakarta Utara,Koja,-8.881784197001252e-16,0.0
2019-02-01,Jakarta Utara,Koja,-8.881784197001252e-16,0.0
2019-03-01,Jakarta Utara,Koja,30.0,20.18133544921875
2019-04-01,Jakarta Utara,Koja,-8.881784197001252e-16,0.0
2019-05-01,Jakarta Utara,Koja,20.0,24.443008422851562
2019-06-01,Jakarta Utara,Koja,-8.881784197001252e-16,0.0
2019-07-01,Jakarta Utara,Koja,-8.881784197001252e-16,0.835291862487793
2019-08-01,Jakarta Utara,Koja,-8.881784197001252e-16,2.8914952278137207
2019-09-01,Jakarta Utara,Koja,-8.881784197001252e-16,1.8574724197387695
2019-10-01,Jakarta Utara,Koja,-8.881784197001252e-16,0.0
2019-11-01,Jakarta Utara,Koja,-8.881784197001252e-16,0.49871206283569336
2019-12-01,Jakarta Utara,Koja,-8.881784197001252e-16,0.7820310592651367
2020-01-01,Jakarta Utara,Koja,-8.881784197001252e-16,2.789127826690674
2020-02-01,Jakarta Utara,Koja,-8.881784197001252e-16,2.9604530334472656
2020-03-01,Jakarta Utara,Koja,50.00000000000001,10.663623809814453
2020-04-01,Jakarta Utara,Koja,80.0,55.85419464111328
2020-05-01,Jakarta Utara,Koja,-8.881784197001252e-16,0.0
2020-06-01,Jakarta Utara,Koja,-8.881784197001252e-16,1.402970790863037
2020-07-01,Jakarta Utara,Koja,-8.881784197001252e-16,0.5637569427490234
2020-08-01,Jakarta Utara,Koja,-8.881784197001252e-16,1.665593147277832
2020-09-01,Jakarta Utara,Koja,-8.881784197001252e-16,0.0
2020-10-01,Jakarta Utara,Koja,-8.881784197001252e-16,3.9636356830596924
2020-11-01,Jakarta Utara,Koja,-8.881784197001252e-16,0.0
